<?xml version="1.0" encoding="UTF-8"?>
<GenRun Id="synth_2" LaunchPart="xc7z007sclg400-1" LaunchTime="1617226810">
  <File Type="PA-TCL" Name="videomemlab_master_v1_0_M00_AXI.tcl"/>
  <File Type="RDS-PROPCONSTRS" Name="videomemlab_master_v1_0_M00_AXI_drc_synth.rpt"/>
  <File Type="REPORTS-TCL" Name="videomemlab_master_v1_0_M00_AXI_reports.tcl"/>
  <File Type="RDS-RDS" Name="videomemlab_master_v1_0_M00_AXI.vds"/>
  <File Type="RDS-UTIL" Name="videomemlab_master_v1_0_M00_AXI_utilization_synth.rpt"/>
  <File Type="RDS-UTIL-PB" Name="videomemlab_master_v1_0_M00_AXI_utilization_synth.pb"/>
  <File Type="RDS-DCP" Name="videomemlab_master_v1_0_M00_AXI.dcp"/>
  <File Type="VDS-TIMINGSUMMARY" Name="videomemlab_master_v1_0_M00_AXI_timing_summary_synth.rpt"/>
  <File Type="VDS-TIMING-PB" Name="videomemlab_master_v1_0_M00_AXI_timing_summary_synth.pb"/>
  <FileSet Name="sources" Type="DesignSrcs" RelSrcDir="$PSRCDIR/sources_1">
    <Filter Type="Srcs"/>
    <File Path="$PPRDIR/../Downloads/char8x12_lookup_table.vhd">
      <FileInfo>
        <Attr Name="UsedIn" Val="synthesis"/>
        <Attr Name="UsedIn" Val="simulation"/>
      </FileInfo>
    </File>
    <File Path="$PPRDIR/../Downloads/scancode2ascii.vhd">
      <FileInfo>
        <Attr Name="UsedIn" Val="synthesis"/>
        <Attr Name="UsedIn" Val="simulation"/>
      </FileInfo>
    </File>
    <File Path="$PPRDIR/../Downloads/videomemlab_master_v1_0_M00_AXI.vhd">
      <FileInfo>
        <Attr Name="UsedIn" Val="synthesis"/>
        <Attr Name="UsedIn" Val="simulation"/>
      </FileInfo>
    </File>
    <Config>
      <Option Name="DesignMode" Val="RTL"/>
      <Option Name="TopModule" Val="videomemlab_master_v1_0_M00_AXI"/>
      <Option Name="TopAutoSet" Val="TRUE"/>
    </Config>
  </FileSet>
  <FileSet Name="constrs_in" Type="Constrs" RelSrcDir="$PSRCDIR/constrs_1">
    <Filter Type="Constrs"/>
    <Config>
      <Option Name="ConstrsType" Val="XDC"/>
    </Config>
  </FileSet>
  <FileSet Name="utils" Type="Utils" RelSrcDir="$PSRCDIR/utils_1">
    <Filter Type="Utils"/>
    <Config>
      <Option Name="TopAutoSet" Val="TRUE"/>
    </Config>
  </FileSet>
  <Strategy Version="1" Minor="2">
    <StratHandle Name="Vivado Synthesis Defaults" Flow="Vivado Synthesis 2019"/>
    <Step Id="synth_design"/>
  </Strategy>
</GenRun>
