<?xml version="1.0" encoding="UTF-8"?>
<GenRun Id="impl_2" LaunchPart="xc7z007sclg400-1" LaunchTime="1617226851">
  <File Type="BITSTR-BMM" Name="videomemlab_master_v1_0_M00_AXI_bd.bmm"/>
  <File Type="OPT-METHODOLOGY-DRC" Name="videomemlab_master_v1_0_M00_AXI_methodology_drc_opted.rpt"/>
  <File Type="INIT-TIMING" Name="videomemlab_master_v1_0_M00_AXI_timing_summary_init.rpt"/>
  <File Type="ROUTE-PWR" Name="videomemlab_master_v1_0_M00_AXI_power_routed.rpt"/>
  <File Type="PA-TCL" Name="videomemlab_master_v1_0_M00_AXI.tcl"/>
  <File Type="OPT-TIMING" Name="videomemlab_master_v1_0_M00_AXI_timing_summary_opted.rpt"/>
  <File Type="OPT-DCP" Name="videomemlab_master_v1_0_M00_AXI_opt.dcp"/>
  <File Type="ROUTE-PWR-SUM" Name="videomemlab_master_v1_0_M00_AXI_power_summary_routed.pb"/>
  <File Type="REPORTS-TCL" Name="videomemlab_master_v1_0_M00_AXI_reports.tcl"/>
  <File Type="OPT-DRC" Name="videomemlab_master_v1_0_M00_AXI_drc_opted.rpt"/>
  <File Type="OPT-HWDEF" Name="videomemlab_master_v1_0_M00_AXI.hwdef"/>
  <File Type="PWROPT-DCP" Name="videomemlab_master_v1_0_M00_AXI_pwropt.dcp"/>
  <File Type="PWROPT-DRC" Name="videomemlab_master_v1_0_M00_AXI_drc_pwropted.rpt"/>
  <File Type="PWROPT-TIMING" Name="videomemlab_master_v1_0_M00_AXI_timing_summary_pwropted.rpt"/>
  <File Type="PLACE-DCP" Name="videomemlab_master_v1_0_M00_AXI_placed.dcp"/>
  <File Type="PLACE-IO" Name="videomemlab_master_v1_0_M00_AXI_io_placed.rpt"/>
  <File Type="PLACE-CLK" Name="videomemlab_master_v1_0_M00_AXI_clock_utilization_placed.rpt"/>
  <File Type="PLACE-UTIL" Name="videomemlab_master_v1_0_M00_AXI_utilization_placed.rpt"/>
  <File Type="PLACE-UTIL-PB" Name="videomemlab_master_v1_0_M00_AXI_utilization_placed.pb"/>
  <File Type="PLACE-CTRL" Name="videomemlab_master_v1_0_M00_AXI_control_sets_placed.rpt"/>
  <File Type="PLACE-SIMILARITY" Name="videomemlab_master_v1_0_M00_AXI_incremental_reuse_placed.rpt"/>
  <File Type="PLACE-PRE-SIMILARITY" Name="videomemlab_master_v1_0_M00_AXI_incremental_reuse_pre_placed.rpt"/>
  <File Type="PLACE-TIMING" Name="videomemlab_master_v1_0_M00_AXI_timing_summary_placed.rpt"/>
  <File Type="POSTPLACE-PWROPT-DCP" Name="videomemlab_master_v1_0_M00_AXI_postplace_pwropt.dcp"/>
  <File Type="BG-BIN" Name="videomemlab_master_v1_0_M00_AXI.bin"/>
  <File Type="POSTPLACE-PWROPT-TIMING" Name="videomemlab_master_v1_0_M00_AXI_timing_summary_postplace_pwropted.rpt"/>
  <File Type="PHYSOPT-DCP" Name="videomemlab_master_v1_0_M00_AXI_physopt.dcp"/>
  <File Type="PHYSOPT-DRC" Name="videomemlab_master_v1_0_M00_AXI_drc_physopted.rpt"/>
  <File Type="BITSTR-MSK" Name="videomemlab_master_v1_0_M00_AXI.msk"/>
  <File Type="PHYSOPT-TIMING" Name="videomemlab_master_v1_0_M00_AXI_timing_summary_physopted.rpt"/>
  <File Type="ROUTE-ERROR-DCP" Name="videomemlab_master_v1_0_M00_AXI_routed_error.dcp"/>
  <File Type="ROUTE-DCP" Name="videomemlab_master_v1_0_M00_AXI_routed.dcp"/>
  <File Type="ROUTE-BLACKBOX-DCP" Name="videomemlab_master_v1_0_M00_AXI_routed_bb.dcp"/>
  <File Type="ROUTE-DRC" Name="videomemlab_master_v1_0_M00_AXI_drc_routed.rpt"/>
  <File Type="ROUTE-DRC-PB" Name="videomemlab_master_v1_0_M00_AXI_drc_routed.pb"/>
  <File Type="ROUTE-DRC-RPX" Name="videomemlab_master_v1_0_M00_AXI_drc_routed.rpx"/>
  <File Type="BITSTR-MMI" Name="videomemlab_master_v1_0_M00_AXI.mmi"/>
  <File Type="ROUTE-METHODOLOGY-DRC" Name="videomemlab_master_v1_0_M00_AXI_methodology_drc_routed.rpt"/>
  <File Type="ROUTE-METHODOLOGY-DRC-RPX" Name="videomemlab_master_v1_0_M00_AXI_methodology_drc_routed.rpx"/>
  <File Type="ROUTE-METHODOLOGY-DRC-PB" Name="videomemlab_master_v1_0_M00_AXI_methodology_drc_routed.pb"/>
  <File Type="ROUTE-PWR-RPX" Name="videomemlab_master_v1_0_M00_AXI_power_routed.rpx"/>
  <File Type="ROUTE-STATUS" Name="videomemlab_master_v1_0_M00_AXI_route_status.rpt"/>
  <File Type="ROUTE-STATUS-PB" Name="videomemlab_master_v1_0_M00_AXI_route_status.pb"/>
  <File Type="ROUTE-TIMINGSUMMARY" Name="videomemlab_master_v1_0_M00_AXI_timing_summary_routed.rpt"/>
  <File Type="ROUTE-TIMING-PB" Name="videomemlab_master_v1_0_M00_AXI_timing_summary_routed.pb"/>
  <File Type="ROUTE-TIMING-RPX" Name="videomemlab_master_v1_0_M00_AXI_timing_summary_routed.rpx"/>
  <File Type="ROUTE-SIMILARITY" Name="videomemlab_master_v1_0_M00_AXI_incremental_reuse_routed.rpt"/>
  <File Type="ROUTE-CLK" Name="videomemlab_master_v1_0_M00_AXI_clock_utilization_routed.rpt"/>
  <File Type="ROUTE-BUS-SKEW" Name="videomemlab_master_v1_0_M00_AXI_bus_skew_routed.rpt"/>
  <File Type="ROUTE-BUS-SKEW-PB" Name="videomemlab_master_v1_0_M00_AXI_bus_skew_routed.pb"/>
  <File Type="ROUTE-BUS-SKEW-RPX" Name="videomemlab_master_v1_0_M00_AXI_bus_skew_routed.rpx"/>
  <File Type="POSTROUTE-PHYSOPT-DCP" Name="videomemlab_master_v1_0_M00_AXI_postroute_physopt.dcp"/>
  <File Type="POSTROUTE-PHYSOPT-BLACKBOX-DCP" Name="videomemlab_master_v1_0_M00_AXI_postroute_physopt_bb.dcp"/>
  <File Type="POSTROUTE-PHYSOPT-TIMING" Name="videomemlab_master_v1_0_M00_AXI_timing_summary_postroute_physopted.rpt"/>
  <File Type="POSTROUTE-PHYSOPT-TIMING-PB" Name="videomemlab_master_v1_0_M00_AXI_timing_summary_postroute_physopted.pb"/>
  <File Type="POSTROUTE-PHYSOPT-TIMING-RPX" Name="videomemlab_master_v1_0_M00_AXI_timing_summary_postroute_physopted.rpx"/>
  <File Type="POSTROUTE-PHYSOPT-BUS-SKEW" Name="videomemlab_master_v1_0_M00_AXI_bus_skew_postroute_physopted.rpt"/>
  <File Type="POSTROUTE-PHYSOPT-BUS-SKEW-PB" Name="videomemlab_master_v1_0_M00_AXI_bus_skew_postroute_physopted.pb"/>
  <File Type="BG-BIT" Name="videomemlab_master_v1_0_M00_AXI.bit"/>
  <File Type="POSTROUTE-PHYSOPT-BUS-SKEW-RPX" Name="videomemlab_master_v1_0_M00_AXI_bus_skew_postroute_physopted.rpx"/>
  <File Type="BITSTR-RBT" Name="videomemlab_master_v1_0_M00_AXI.rbt"/>
  <File Type="BITSTR-NKY" Name="videomemlab_master_v1_0_M00_AXI.nky"/>
  <File Type="PDI-FILE" Name="videomemlab_master_v1_0_M00_AXI.pdi"/>
  <File Type="RCFI_FILE" Name="videomemlab_master_v1_0_M00_AXI.rcfi"/>
  <File Type="CFI_FILE" Name="videomemlab_master_v1_0_M00_AXI.cfi"/>
  <File Type="RNPI_FILE" Name="videomemlab_master_v1_0_M00_AXI.rnpi"/>
  <File Type="NPI_FILE" Name="videomemlab_master_v1_0_M00_AXI.npi"/>
  <File Type="RBD_FILE" Name="videomemlab_master_v1_0_M00_AXI.rbd"/>
  <File Type="BITSTR-LTX" Name="debug_nets.ltx"/>
  <File Type="BITSTR-LTX" Name="videomemlab_master_v1_0_M00_AXI.ltx"/>
  <File Type="BITSTR-SYSDEF" Name="videomemlab_master_v1_0_M00_AXI.sysdef"/>
  <File Type="BG-BGN" Name="videomemlab_master_v1_0_M00_AXI.bgn"/>
  <File Type="BG-DRC" Name="videomemlab_master_v1_0_M00_AXI.drc"/>
  <File Type="RDI-RDI" Name="videomemlab_master_v1_0_M00_AXI.vdi"/>
  <File Type="WBT-USG" Name="usage_statistics_webtalk.html"/>
  <FileSet Name="sources" Type="DesignSrcs" RelSrcDir="$PSRCDIR/sources_1">
    <Filter Type="Srcs"/>
    <File Path="$PPRDIR/../Downloads/char8x12_lookup_table.vhd">
      <FileInfo>
        <Attr Name="UsedIn" Val="synthesis"/>
        <Attr Name="UsedIn" Val="simulation"/>
      </FileInfo>
    </File>
    <File Path="$PPRDIR/../Downloads/scancode2ascii.vhd">
      <FileInfo>
        <Attr Name="UsedIn" Val="synthesis"/>
        <Attr Name="UsedIn" Val="simulation"/>
      </FileInfo>
    </File>
    <File Path="$PPRDIR/../Downloads/videomemlab_master_v1_0_M00_AXI.vhd">
      <FileInfo>
        <Attr Name="UsedIn" Val="synthesis"/>
        <Attr Name="UsedIn" Val="simulation"/>
      </FileInfo>
    </File>
    <Config>
      <Option Name="DesignMode" Val="RTL"/>
      <Option Name="TopModule" Val="videomemlab_master_v1_0_M00_AXI"/>
      <Option Name="TopAutoSet" Val="TRUE"/>
    </Config>
  </FileSet>
  <FileSet Name="constrs_in" Type="Constrs" RelSrcDir="$PSRCDIR/constrs_1">
    <Filter Type="Constrs"/>
    <Config>
      <Option Name="ConstrsType" Val="XDC"/>
    </Config>
  </FileSet>
  <FileSet Name="utils" Type="Utils" RelSrcDir="$PSRCDIR/utils_1">
    <Filter Type="Utils"/>
    <Config>
      <Option Name="TopAutoSet" Val="TRUE"/>
    </Config>
  </FileSet>
  <Strategy Version="1" Minor="2">
    <StratHandle Name="Vivado Implementation Defaults" Flow="Vivado Implementation 2019"/>
    <Step Id="init_design"/>
    <Step Id="opt_design"/>
    <Step Id="power_opt_design"/>
    <Step Id="place_design"/>
    <Step Id="post_place_power_opt_design"/>
    <Step Id="phys_opt_design" EnableStepBool="1"/>
    <Step Id="route_design"/>
    <Step Id="post_route_phys_opt_design"/>
    <Step Id="write_bitstream"/>
  </Strategy>
</GenRun>
